scenario,symbol,entry_time_utc,exit_time_utc,entry_signal_id,exit_signal_id,slot_count,entry_quote_spend,exit_quote_receive,realized_pnl,realized_return_pct,holding_hours,residual_dust_quantity
current,AVAXUSDC,2023-10-07T06:00:00+00:00,2024-01-18T20:00:00+00:00,711fccbe02142495b2cd641ba4f349a9c13daf849f78ad10b0ac7c9314fedbae,dcdc0c2f093402f841ed5c60aebe6696d2e263bafa0c31f06134b796413c4585,2,249.8978594594594594594594595,711.97798572360000000,462.0801262641405405405405405,184.9075967531859070464767616,2486.0,0.00831000000
current,LINKUSDC,2024-01-20T00:00:00+00:00,2024-01-23T10:00:00+00:00,fd922b7c4126353dd915ec3bbfc9fa5434c7ca5af97fdb99f6b54a7c4d5a1dfc,3bb1b4a1d8aa52e1cc5aeff9c5f2e2cf8fb9a8b8b38242fd4608bc59479aff96,2,249.8812745945945945945945946,215.498534671080000000,-34.3827399235145945945945946,-13.75963044021481007851949444,82.0,0.00450000000
current,NEARUSDC,2024-01-26T10:00:00+00:00,2024-01-26T12:00:00+00:00,7ec33d1a4829c2c16b429371eaa9458c690dc2b8adc39f8b24249d16e3fae6a2,21db2a7b3077d6ff09a8d262a6ab8d888392e2af6f8cbc26db27bd8885e500e5,1,124.8192352852852852852852853,128.258787125700000000,3.4395518404147147147147147,2.755626432539278089028750847,2.0,0.05600000000
current,BTCUSDC,2024-01-26T12:00:00+00:00,2024-03-05T19:00:00+00:00,d55028ae9dc655f0fda2fd7f07cdf1a39f0716625a0f1adc74dcad230e26a003,b48b293dd1b31e2ca46b746d82c7a0b38778395d63b18eade816e89fc1e3e37d,2,249.5543444444444444444444444,386.1642970421100000,136.6099525976655555555555556,54.74156456854532375068071348,943.0,0.00000395000
current,AAVEUSDC,2024-03-06T10:00:00+00:00,2024-03-06T11:00:00+00:00,961e0858c8c3cccc7cf0faece4e20f3219e71fb314e49b4a3c219960ed8953b5,14c3fcd78e2ddde9b98ecb8a5a2530627195c4d2dbfc9c63e038dd681afe16ff,1,124.8179333333333333333333333,124.86508362630000000,0.0471502929666666666666667,0.03777525529184107625560218645,1.0,0.00088800000
current,BNBUSDC,2024-03-06T11:00:00+00:00,2024-04-12T19:00:00+00:00,f6da44207e91e336ab6b3f525ab290e98fb3c5fd23fbbd9ef7f02287cc7acc73,9a19c2091cca0d5eb87e8792543fd8b5301f53ee83268d6f4073f90aeead6bf5,2,249.6094270270270270270270270,335.2469422752000000,85.6375152481729729729729730,34.30860615648958511268978408,896.0,0.00042300000
current,AAVEUSDC,2024-04-15T07:00:00+00:00,2024-04-15T15:00:00+00:00,eb441f41ca98caac1ef170f83299682518a109935946365c5590b48f048ef2fc,3db6c3fe6817499692c1ea1d3d85dec5234167baebe00e7451e9e44281394e3b,1,124.9168716666666666666666667,117.1473737116500000,-7.7694979550166666666666667,-6.219734653417446693182878457,8.0,0.00062900000
current,BCHUSDC,2024-04-15T07:00:00+00:00,2024-04-16T04:00:00+00:00,d657564e35ab74188067b5905120f41217a673a413625354bda0795c186853ac,2421417254333047241b287c279914648c34881007af10b4b4e9ec7299dc7969,1,124.2374630630630630630630631,107.7166363392000000,-16.5208267238630630630630631,-13.29778177736700447176195220,21.0,0.00077500000
current,NEARUSDC,2024-04-18T15:00:00+00:00,2024-04-20T16:00:00+00:00,861dea248f00e0697cb2654828d1bb68c3639b54ee3d7e2548b4c6999564a5ec,1a645ac76e50710bba25b9830b84674fc437149ba0802ca8ae70f7e7b6dc2b17,1,124.1000570570570570570570571,126.480058335000000000,2.3800012779429429429429429,1.917808367202198729548826920,49.0,0.07870000000
current,AAVEUSDC,2024-04-20T17:00:00+00:00,2024-04-20T18:00:00+00:00,4a3447312e190d36bdc51715d2d9a0a8a78fac9d46f0ec1ae5689d4f710c5af2,76d273a01e36da628ef8ba6b61a24b00fc2bd278e84e23df62941c9f18c79a41,1,124.9002567567567567567567568,127.77146895667500000,2.8712121999182432432432432,2.298804081331817312820099982,1.0,0.00060300000
current,DOTUSDC,2024-04-20T18:00:00+00:00,2024-04-24T17:00:00+00:00,be830364bffe1402824f07f0796da02a91117d1e53f2739a771cc8bab890a088,1620874079261e9ba0a2b3c907196ead12b550f2439ee44cc7c86d52688dc8ae,1,124.9722647147147147147147147,121.419358250850000000,-3.5529064638647147147147147,-2.842955972651411712693493807,95.0,0.00268000000
current,LINKUSDC,2024-04-20T18:00:00+00:00,2024-04-24T23:00:00+00:00,77acaaf7941120fe78323422de46ec1a4f4854b55ec8d8214bdccb2db7abac21,62e53879962a9c415ca8fcd979ae48b9053e542c11289e8cf462cf2c00ba2026,1,124.8275978228228228228228228,120.043025161650000000,-4.7845726611728228228228228,-3.832944592880755308016253797,101.0,0.00164000000
current,NEARUSDC,2024-04-25T00:00:00+00:00,2024-04-27T01:00:00+00:00,bcebbf309c6330852ec216be596bc253e1f91eb31b528a3eabaa0c6ef9fd0ad3,24826fcfb2ff01ca75855f40fe801212c9219aa15494adfba96abb675f54d175,1,123.9538378378378378378378378,124.517006352000000000,0.5631685141621621621621622,0.4543372952267321836463967276,49.0,0.08190000000
current,NEARUSDC,2024-04-27T12:00:00+00:00,2024-04-29T13:00:00+00:00,f72076f04395f8c9ff01b833ccbb99f074e8bd99aecacebd314195bee01f0b7f,9c767534bac26f998efd0a52e460f2b9cf109fcc7ff0aa1419c1c546326b296a,1,124.1320049549549549549549550,123.760043122950000000,-0.3719618320049549549549550,-0.2996502248875562218890555084,49.0,0.08160000000
current,XRPUSDC,2024-05-01T19:00:00+00:00,2024-05-08T00:00:00+00:00,8931cf98fca79ecc9a0d2f717c17ae8225a8f22fb33f66c88f58dc2714ffcd47,c999f3364933f7d208c33345c6b9790619de92619f861c308894ceb961179cbd,1,124.9494404954954954954954955,126.1625851010250000000,1.2131446055295045045045045,0.9709083936020018567661525447,149.0,0.05880000000
current,XRPUSDC,2024-05-13T16:00:00+00:00,2024-05-19T17:00:00+00:00,7ac16bddf8a3f2251883a0aac2e0e6ee56b7eaab58657e4daca644f84c3b737b,575ae67664a36cb50a0ac09b9cc94cdcfa6c36a608ec2b90cccd4d5c0d6bea74,1,124.9413183183183183183183183,124.9094170485000000000,-0.0319012698183183183183183,-0.02553300241081344637971664704,145.0,0.05470000000
current,XRPUSDC,2024-05-20T18:00:00+00:00,2024-05-22T13:00:00+00:00,d188c35d918ccb3d96d13a51168ae80fd7da5425a70555eb8425107661ae55fc,96ad29c8b5803d8105b66210a406926bcd1e554ea89c1b525ce2396b1d40f412,1,124.9227905405405405405405405,125.6677282532250000000,0.7449377126844594594594595,0.5963185015809494870155744634,43.0,0.06120000000
current,DOTUSDC,2024-05-01T19:00:00+00:00,2024-05-23T14:00:00+00:00,0b4daa09fbff8820b441331208c135eec472b0c28c28bcd8173f6a08b872be1d,f6dd31706036f42221b30ebe318e49144732918a01e29df944ebe9d35c62bdba,1,124.9322547297297297297297297,131.299570623375000000,6.3673158936452702702702703,5.096614887340267011845452244,523.0,0.00183000000
current,NEARUSDC,2024-05-25T22:00:00+00:00,2024-05-27T23:00:00+00:00,65d1047356c6400cd684592f9092b6d4523bb6849bea7141c3925d36545f0f1e,db3edfaa81864844f5cec9abce276f07c0716fced4ba97861b9d995c4b6dd686,1,124.2176333333333333333333333,117.844626610800000000,-6.3730067225333333333333333,-5.130516941529235382308845552,49.0,0.08480000000
current,NEARUSDC,2024-05-28T00:00:00+00:00,2024-05-28T17:00:00+00:00,020d825dbd0bea817c12126e2f3897d0fd6d3fe9e488e353e9a63da26ff4432f,213ca4a9ecbd0ee6bedf524eaf882551c48f967f25095cf62e095c4ee4b45e13,1,123.7098720720720720720720721,119.300440339800000000,-4.4094317322720720720720721,-3.564332949680186767705939838,17.0,0.08410000000
current,XRPUSDC,2024-06-04T16:00:00+00:00,2024-06-07T18:00:00+00:00,c23619c0aba33c1b4fd74c2238e5ae3ed70cadb55bd36a8e8b396c9c281b6f34,022b5b7b616c04065126319939d3fb49e3637fed2c0c1434a9da2bc3325e9e99,2,249.9635379279279279279279279,241.1237519529300000000,-8.8397859749979279279279279,-3.536430172286450206380388504,74.0,0.02840000000
current,BTCUSDC,2024-06-12T13:00:00+00:00,2024-06-13T16:00:00+00:00,b2bb6c85bc05fd565a516101cd0487115f70bd401f7c50a614f48773dc357a81,7cd336a65bfeaef5d07d44a772b59ebfb3f3bdd486b450bc687e7026cf34bee1,1,124.2977755866366366366366366,118.7635665909600000,-5.5342089956766366366366366,-4.452379754631445167683968399,27.0,0.00000820000
current,SOLUSDC,2024-06-12T13:00:00+00:00,2024-06-17T14:00:00+00:00,f2898b22ef8c4d912eb801f79c89624f97b21a0b08db43e070e6f10af106e3fe,3296b9ab8592549915d7d8a04eb4726631b906d05016dd0b418614547d9aa94d,1,124.8844831081081081081081081,111.58502697630000000,-13.2994561318081081081081081,-10.64940639606542337896207703,121.0,0.00021400000
current,XRPUSDC,2024-06-15T20:00:00+00:00,2024-06-18T02:00:00+00:00,636831cd921f20dbbc718fc6e0e5d845f93238b83f757305f5901c306099b9db,2f85b1428da79b238411d1666251f208aa685e11a406f749087d5e229dfe2a72,1,124.9706222522522522522522523,121.8963119846850000000,-3.0743102675672522522522523,-2.460026374328024323196846329,54.0,0.04700000000
current,NEARUSDC,2024-06-19T05:00:00+00:00,2024-06-21T06:00:00+00:00,608d9a48fd620b0a0bfb6e100fdb62ecadbc1090a8785f2552834ab92d3aad3e,e966734b2b7612c1c6303ad8af0bf1b2acc5a68b99f8b294db2a744e75e37066,1,124.3352096096096096096096096,132.010552904400000000,7.6753432947903903903903904,6.173105203980111422514871218,49.0,0.07510000000
current,AAVEUSDC,2024-06-19T02:00:00+00:00,2024-06-21T18:00:00+00:00,7f892d7690fbec1db1bfda77bf47b5b2ab5c512c9c24b6a8cac95f490e8ec8f6,551d6160074d29c7b027b49402c975ea16e69ccf855aac5b397483b1f8015bee,1,124.9537369369369369369369369,123.65318359944000000,-1.3005533374969369369369369,-1.040827885086233861486522896,64.0,0.00050200000
current,NEARUSDC,2024-06-21T12:00:00+00:00,2024-06-23T13:00:00+00:00,3292cd50f5b1bfe719e91febda29b7b2ad3c28a61ced4567dd9445d4c938e16d,f046a53dd07294239adf3cc5cf4bc7a2efcecbb27b7cd14e1abb16f30930e597,1,124.4874378378378378378378378,126.684551237400000000,2.1971133995621621621621622,1.764927801329004172612488967,49.0,0.07650000000
current,NEARUSDC,2024-06-24T00:00:00+00:00,2024-06-25T04:00:00+00:00,4925012f3e0450d4ab761a2514ce3da45ea43c294a72c7cd43b5ca65ebae5ef2,e6efbc1dc9cd36e6196879edf13a1c70fd67d4a6914000d8210187383cc24aef,1,124.5787747747747747747747748,133.743150972000000000,9.1643761972252252252252252,7.356290197743111851367389793,28.0,0.07590000000
current,SOLUSDC,2024-06-25T04:00:00+00:00,2024-07-03T11:00:00+00:00,54bed9fae7bf9f6dce5b08b4bd8bebd90661b0954dcaee232b6a081e5a09247a,866325bfa23de021ab31119deda23dd8094d542c9b1ba067afa67f8c75f0d53c,2,249.9199525825825825825825826,264.22006701843000000,14.3001144358474174174174174,5.721877860521017387748638747,199.0,0.00016000000
current,DOGEUSDC,2024-07-06T01:00:00+00:00,2024-07-08T01:00:00+00:00,cacae1b99653e9ca3d6673fc62eeffa581569ed90e7b44610a8c8905ace06d21,9b265d709365d382285476d87a3bcbd923251f492d5a900e1a50193702eb1002,2,249.8792715915915915915915916,233.6758768134000000000,-16.2033947781915915915915916,-6.484489359595537551641466900,48.0,0.67300000000
current,XRPUSDC,2024-07-08T12:00:00+00:00,2024-07-14T03:00:00+00:00,c1b9a2033a484dd2e754ae97ef09324b3d50dc2ec680429c8068e3f1bf09b9fa,038add440ff6e269e5306e6cc451285c19b9ae33a24e9aad4b853e86032f3ee0,2,249.9484553153153153153153153,292.6124487059400000000,42.6639933906246846846846847,17.06911664519116379949665832,135.0,0.03180000000
current,BCHUSDC,2024-07-14T05:00:00+00:00,2024-07-15T03:00:00+00:00,0ac85deebefc8300662a34c6c4b3398ed19fdf355cee088e0850271d5fa1da15,2beb64f0e38d380a76e0235af248017c5dd9bb36a62796e6325bea5292582a46,1,124.3756702702702702702702703,125.0382236130000000,0.6625533427297297297297297,0.5327033344141912868246283610,22.0,0.00067500000
current,NEARUSDC,2024-07-14T05:00:00+00:00,2024-07-15T03:00:00+00:00,7f1cc5b88f12b9347b2397751a918b8b2afe86bf22a971fdca103a51e9053e1e,927e4351aa948d54b2b0a659cfb794079f6c3abd1ebf7f808a32de3114996d7e,1,124.5566415915915915915915916,126.424242157050000000,1.8676005654584084084084084,1.499398620253489532162661067,22.0,0.07700000000
current,ETHUSDC,2024-07-15T03:00:00+00:00,2024-07-24T22:00:00+00:00,2173d531ddb6dcebab7b94b57740ac9291f6081e5d90df9d830b6b4bc2c8b050,8b62e2d045d32f19c3190b1f15a5c204630f38c522555a587a6eb1824bf8e87d,1,124.5004703768768768768768769,124.25850355905450000,-0.2419668178223768768768769,-0.1943501234091053644747562884,235.0,0.00006260000
current,BTCUSDC,2024-07-15T03:00:00+00:00,2024-07-29T17:00:00+00:00,f0bf0ddafa33767080c098dd1b4c7f68ba65203bdce4830bf87692c647c5992a,b0c5c3ddbaa7d97b18ba9ecadcb268c72ef9501f2eed99d0a85dd17149d10b1d,1,123.9612523540540540540540541,132.32665799298990000,8.3654056389358459459459459,6.748403618126452411144392563,350.0,0.00000801000
current,BCHUSDC,2024-07-30T00:00:00+00:00,2024-07-31T13:00:00+00:00,4fb2e7c29f0163467ce5ac6688c6224fd34af32af1f9c4b3cb6e1207e8bc59e2,bf0f1e35384af969def94d45d29e80431c054c442df3438a914f78286254f1c8,1,124.5769720720720720720720721,119.1916037853000000,-5.3853682867720720720720721,-4.322924371332810130867461326,37.0,0.00071700000
current,XRPUSDC,2024-08-06T01:00:00+00:00,2024-08-26T18:00:00+00:00,dcb0bf99d112187cebd999c5c833132c789182ba42be131b3d8f8c8fce0081b3,3fed66a4dd5f969c978afbc4081cc2a1d13317daf344ed7da65f01d0e9b343e1,1,124.9567414414414414414414414,141.2856739739250000000,16.3289325324835585585585586,13.06766833395363208325579603,497.0,0.05620000000
current,DOGEUSDC,2024-08-06T01:00:00+00:00,2024-08-27T22:00:00+00:00,13fabd732c4d1a3a22ee5c38ca0a90148c3910077fef555cc95f4ee7c4b16398,0c82e008d4254547b84842dd5d3adf92f1ad8f9b930cfbdda661b84f2fa2c125,1,124.9108927027027027027027027,125.26224718518000000000,0.3513544824772972972972973,0.2812841017104467657672068147,525.0,0.74500000000
current,AAVEUSDC,2024-08-28T12:00:00+00:00,2024-08-28T18:00:00+00:00,63a9af4b5fced6630c11b481102162dca819c9d0f2375fad915810c6884a5dba,a19166f8de66673fba5c335228f2e0cbb2726c44d042758456be9d70f31c56a6,1,124.9312031531531531531531532,120.6995392404000000,-4.2316639127531531531531532,-3.387195357084295954727457946,6.0,0.00002100000
current,XRPUSDC,2024-09-02T20:00:00+00:00,2024-09-04T02:00:00+00:00,73ef2fb75876a90fdd7ff1060ee5f83e83c444b9cca01f2e3f24b3ff1c91ecb1,33c8102e6d8f2b6699b1e35524e1d82a61f8e6ed6941623c9e0d7a7a2691880c,2,249.9356360960960960960960961,241.3735568080200000000,-8.5620792880760960960960961,-3.425713684455992894868401629,30.0,0.05990000000
current,ADAUSDC,2024-09-05T14:00:00+00:00,2024-09-06T21:00:00+00:00,fbf5b000fa6060dd5e9cd8d0a1691352ecf126f67588b2dffed90149f96adec9,7d9c3a63b2e309cb9728393c65e177148ee6cd117cf08de35823f3d0b97985f9,2,249.9507888138138138138138138,224.6129171301150000000,-25.3378716836988138138138138,-10.13714411702568213677503936,31.0,0.06190000000
current,AAVEUSDC,2024-09-09T08:00:00+00:00,2024-09-09T17:00:00+00:00,6d4c2cd99d7f68252c6d3a4c2482eb9dc806bddf70a2524717e9a5837b58d068,0dbc9d73a8dddd47634f55c25acbd87e132d367e6cde7e05598825dcb5ce6003,1,124.9569417417417417417417417,128.90976951168000000,3.9528277699382582582582583,3.163351883329439779924095257,9.0,0.00007100000
current,NEARUSDC,2024-09-09T09:00:00+00:00,2024-09-09T17:00:00+00:00,cd84c0ee5ba8790b53368edb5de85b2322d2d84b307637875403377549266735,e44899f0c50cd75ed9d716360cdd83fc39fa397c80eee3a5a4a4a06354fbda8a,1,124.4690102102102102102102102,126.644211817200000000,2.1752016069897897897897898,1.747584883430974451172770912,8.0,0.06800000000
current,DOGEUSDC,2024-09-09T17:00:00+00:00,2024-09-16T02:00:00+00:00,77bbd5ef7703eaf8f991a94b8f7753a33d1bc914b124f3543747a158160f05c4,a6e169fb13aceb2e3ed39ce40431d28672b8a3b053ead36771b6dba73c53dd7d,2,249.9009240540540540540540541,243.24221055375000000000,-6.6587135003040540540540541,-2.664541367947787749168516714,153.0,0.59100000000
current,XRPUSDC,2024-09-16T20:00:00+00:00,2024-09-18T14:00:00+00:00,d45c7dcbb3341787e94be1dab5c674093963014e95c3548693cf1330841466f7,fc46fcfc433dd6bb9dab9b6ec781c772b6327c7d01ffe8edb6f5c0a11e72e600,2,249.9347147147147147147147147,240.7834030725000000000,-9.1513116422147147147147147,-3.661480820165530313862142493,42.0,0.07450000000
current,AVAXUSDC,2024-09-19T00:00:00+00:00,2024-10-01T17:00:00+00:00,90d7c76207dff865a7bcacc97a98e6959d72fbd53b31f7926a10725b2894f657,5eafc60b572f0b24c70bfea1596680d3d6677cf3a1d3cec80ca4a03e8faec056,2,249.6982602102102102102102102,267.08480489295000000,17.3865446827397897897897898,6.963021956221403664820766473,305.0,0.00989000000
current,AAVEUSDC,2024-10-04T13:00:00+00:00,2024-10-07T01:00:00+00:00,95cdb20b86e8f991d049ea115abac087a660c54778c5473c286f86bca6deac71,ef062d7334b2cf10a51e67d243b20beddabadc246c8e3fe1c3d3e23f03c66bab,1,124.8531861861861861861861862,127.05649267365000000,2.2033064874638138138138138,1.764717869657048972185012675,60.0,0.00016900000
current,SOLUSDC,2024-10-07T01:00:00+00:00,2024-10-25T23:00:00+00:00,03ce663a468b6666e2d91a0ab377764698754ed2f7353263e447ae4c6287bff2,11d798b55da998c82c4185dc43936fed374831dab9d2704c705facb59ced0103,2,249.8214248648648648648648649,272.84887868431500000,23.0274538194501351351351351,9.217565639899101895997338936,454.0,0.00032700000
current,AAVEUSDC,2024-10-27T17:00:00+00:00,2024-10-29T01:00:00+00:00,e02eab4cfc5472723d91c81a7ce2b7235b57e56166f0f087909887ff3664d3ae,6d963dda8000980fc610c7c87bef62f1382d4a89060b76489269ec5111ce28e9,1,124.9129357657657657657657658,130.08333710434500000,5.1704013385792342342342342,4.139204083934643265154455981,32.0,0.00014600000
current,BCHUSDC,2024-10-28T22:00:00+00:00,2024-10-29T01:00:00+00:00,ca81a4d21e2674ae2e5ab5755f99b1c27cf221618f74a96223532b342c927e09,07c850768dd6db1761e29eff94aed32f6871e13dd107ee664139c13fe9076547,1,124.5835819819819819819819820,124.4826579348000000,-0.1009240471819819819819820,-0.08100910695967805570898762591,3.0,0.00065800000
current,ETHUSDC,2024-10-29T01:00:00+00:00,2024-10-31T15:00:00+00:00,1988b9b7a2c5c27c2242d79cb9b9095d802359b4f80405c9d5b7cd341c81e811,ce0c683979d2c138e870c931d9ff691d857550b81c6fc0ef016f94a2f5ce3224,2,249.7947388558558558558558558,246.40335729569700000,-3.3913815601588558558558558,-1.357667329461191657936538159,62.0,0.00000330000
current,ADAUSDC,2024-11-01T15:00:00+00:00,2024-12-09T21:00:00+00:00,57003efd6c822edca10f275d0977f60febe838505edfb0c4ed81348852090413,da2430171a6432290f4eabdef2e91c37517ae31b95b174ef414b00af914ba4fc,2,249.9849900900900900900900901,720.5372118896400000000,470.5522217995499099099099099,188.2321901126829095854291994,918.0,0.00690000000
current,AAVEUSDC,2024-12-11T14:00:00+00:00,2024-12-12T03:00:00+00:00,040b3a02d5146b9425a101d4f8033c0373ab291be2572f06ea6cb67dd23b645c,cc7ae0f8608e34cc0495b1f92aaa3cb2b562de53bbc0ab8636f791564db43f1b,1,124.7630109909909909909909910,142.76194697817000000,17.9989359871790090090090090,14.42650016556485135535038190,13.0,0.00056100000
current,LINKUSDC,2024-12-12T03:00:00+00:00,2024-12-19T00:00:00+00:00,710f37c889edb5c6097d6a62d0a2d6336b9b7cc9ca17c65104c7aa982930ad5e,78ac85c45b130c344e809e5fd475183c2d2a72a002c4bc13ec2de3a5fedac276,2,249.7394219219219219219219219,233.39390027220000000,-16.3455216497219219219219219,-6.545030625894599869876382555,165.0,0.00058000000
current,AAVEUSDC,2024-12-21T05:00:00+00:00,2024-12-21T06:00:00+00:00,142982d225cf8c2fa4d2037ce753f14d0297be0d4a4eb2d123a820db9700a91a,a1a704bbffbd9cf4deac0f27d84899c240e55c0219c2bdd32586856aba300da5,1,124.6906124474474474474474475,126.41754221869500000,1.7269297712475525525525525,1.384971761186424972600131480,1.0,0.00062600000
current,DOTUSDC,2024-12-21T06:00:00+00:00,2025-01-07T16:00:00+00:00,0f07128f56400020164c5dc0d441785a32de643fbd036d614a4156a786412441,5592a9b3ff9bab0a96c1a84233e28fdaaaf7bcbb58558333249ceb4868afd0b7,1,124.8985542042042042042042042,118.827850053150000000,-6.0707041510542042042042042,-4.860507945615481371848385045,418.0,0.00368000000
current,DOGEUSDC,2024-12-21T06:00:00+00:00,2025-01-07T16:00:00+00:00,c5e1c49a652c29b813b7edfcc046d47880bfa411e5638374ce27403191c65bd1,28ed67242f54426918fc44bed511de0404ca61d3f811ec06275d70cc3330f065,1,124.5072275075075075075075075,132.25370774616000000000,7.7464802386524924924924925,6.221711296386707389995346071,418.0,0.63500000000
current,BCHUSDC,2025-01-10T18:00:00+00:00,2025-01-11T17:00:00+00:00,c19341e6a9196a825f24013f35a6ca45330bfd30274f0f48c72684f303ba1b8d,b23ebc4ecfdc59b1135fd5930c67e3fe3f64a5df621c7f4c815b69a3334d3b07,1,124.4210382882882882882882883,121.0334378076000000,-3.3876004806882882882882883,-2.722691055542462882271238972,23.0,0.00072200000
current,XRPUSDC,2025-01-11T17:00:00+00:00,2025-01-13T12:00:00+00:00,c3341bfd4dc5dbdb5af99be1619e5682240be13556b9ab31eefc1b53b4d31ac9,87404712eded78d197ec881c59233d996fae981cfd9f4e9d2ea4394c1f782100,2,249.6728821621621621621621622,235.1257794194400000000,-14.5471027427221621621621622,-5.826464859437093680234118763,43.0,0.09900000000
current,AAVEUSDC,2025-01-13T22:00:00+00:00,2025-01-14T10:00:00+00:00,d3d1e844561c43b4c1062d96ceeea29f85dd1eafc242083567528b36962363a3,82f624223cb84000f295b24870963a5892aa5b0ccea29f9fda35136889be2f80,1,124.6504021621621621621621622,128.48257105776000000,3.8321688955978378378378378,3.074333358838612001485980799,12.0,0.00056700000
current,BTCUSDC,2025-01-14T10:00:00+00:00,2025-01-20T01:00:00+00:00,8c1071d85d8d5469891c869f2a27f5f8ca733ab111b965bba7483b24be9480bf,88376c2a15d0798789a9f8efc3310678aff713d8a42396dd8c8e75ee0e927bf8,1,123.5657560060060060060060060,126.3708024102900000,2.8050464042839939939939940,2.270083957684564820008935321,135.0,0.00000872000
current,SOLUSDC,2025-01-14T10:00:00+00:00,2025-01-20T01:00:00+00:00,c93193152379ac7fe05c0cb6af1523d7cd60ecb932ecd01216fd1f5d31f01426,d474e734e5a74a5d8977f8a5f8409df1cd3f455d8427c9bf5f2457431e4bcd3a,1,124.8255046846846846846846847,154.86461177859000000,30.0391070939053153153153153,24.06487934479861747935028366,135.0,0.00034100000
current,XRPUSDC,2025-01-20T11:00:00+00:00,2025-01-20T22:00:00+00:00,52ab6d79083b5dfa532df87ea3d46145252d5c982098ef4ad44f2e28351d5759,c8b3d949901d16b6531456fba223c5cdda18a3f36cbc99dd672b2c54d6b051e2,2,249.6924314714714714714714715,230.7355724210400000000,-18.9568590504314714714714715,-7.592083964546350821693575012,11.0,0.02470000000
current,AAVEUSDC,2025-01-30T10:00:00+00:00,2025-01-31T16:00:00+00:00,3032f653e0620b83efed9dc8eb0f9625d07c78544f238aa4453b582099716452,d57b922c8d3a3fef476904da6305b0affa584ea7f5eac307a941073de54426aa,1,124.5986045045045045045045045,136.45615671054000000,11.8575522060354954954954955,9.516601131441098739475853894,30.0,0.00059500000
current,BCHUSDC,2025-01-30T17:00:00+00:00,2025-01-31T16:00:00+00:00,0fdc9e36a880bb3bd3dbafaf4e7144fe0eee67ffc477274f099b71fa7f1366ad,2a7822de0158297e58c08053f5b3fbd2a14bb68f78c83c9bb6a1f74ea497da50,1,124.5787747747747747747747748,125.7934893912000000,1.2147146164252252252252252,0.9750574434700457990182990492,23.0,0.00071500000
current,ETHUSDC,2025-01-31T16:00:00+00:00,2025-02-02T00:00:00+00:00,ae204f75e1a11476aee4694d82a7acfc77dc048465a907af3ee05da156263ef2,fe4aa354c68957c2fa5f3ce01f724236636cbdbc7a31cee5d162c2b077b09cda,2,249.5905256891891891891891892,226.22327577100350000,-23.3672499181856891891891892,-9.362234345098710063697968027,32.0,0.00002720000
current,DOGEUSDC,2025-02-03T20:00:00+00:00,2025-02-21T21:00:00+00:00,86c03889cbf1a56eac4455034fd3848715d3ca043d8334630138b62c1a8a5139,360f4f4e8b8651453d950905dc40ede04e7f8227f8dd318a496c7854243ccd2f,2,249.7073738738738738738738739,206.61223968126000000000,-43.0951341926138738738738739,-17.25825454172652577105703024,433.0,0.13100000000
current,SOLUSDC,2025-02-28T16:00:00+00:00,2025-03-03T19:00:00+00:00,2f6afb57e2d9bbcd6c7ed3068dc7e7e89595c4e45449e88f4fffe800bfbffe15,00433d5219c65fbf07afc143833c843f666033391c99e0a95a4f5a0f61f5e5e1,2,249.8902280180180180180180180,254.52929016076500000,4.6390621427469819819819820,1.856439997490613473985237239,75.0,0.00028500000
current,BCHUSDC,2025-03-04T00:00:00+00:00,2025-03-04T02:00:00+00:00,3006c85b93aea4f46a27dd915350086a239351f53c85f467d696b408de9e004d,849a2a743b63cf7cd57b667d2abc3ff3c8d653d9740dd30c4655608bd63bd277,1,124.4910432432432432432432432,118.9399816593000000,-5.5510615839432432432432432,-4.459004792093368010888702564,2.0,0.00061200000
current,AAVEUSDC,2025-03-04T16:00:00+00:00,2025-03-06T17:00:00+00:00,5b7824d1cdf7be9e7c438d01c77990dab4c3f200f77a9804400736f984aa4707,8d001764be7be91992166a72c3f0b241a62837e31c1f7ac52882273eb7cc8efb,1,124.7487496096096096096096096,137.70128683404000000,12.9525372244303903903903904,10.38289943984547504279184960,49.0,0.00035300000
current,NEARUSDC,2025-03-07T00:00:00+00:00,2025-03-09T01:00:00+00:00,5edd3cf7b86ddbe8b34c4926d982b7c971c83df0fbb41c8f801c8697df769336,9dcd78af9cc311d7d87ae940c6d79ad34c48e4e982f1af3b379eb9842dad79db,1,124.6067166666666666666666667,117.284068430100000000,-7.3226482365666666666666667,-5.876607965006701752166115201,49.0,0.05920000000
current,BCHUSDC,2025-03-05T02:00:00+00:00,2025-03-09T14:00:00+00:00,d6a33d0694df6160cd80810bf143a7cdebe97fdfb298d028c48c973eadcbbad7,f1b722aed765eb13869911386b761a058900ab66c37122cfb49243115e66e584,1,124.6548888888888888888888889,135.4386048210000000,10.7837159321111111111111111,8.650856800107675056645280204,108.0,0.00062900000
current,AAVEUSDC,2025-03-10T12:00:00+00:00,2025-03-10T15:00:00+00:00,10ae75b5b1785a74c22ae01de2411ebba434a87111e0ff638cbbc7e0ab8c31e2,e1d160a909fe97624666861b9a850555cb7f53743b631b13c652b940f86c9f33,1,124.9061455855855855855855856,115.07870034576000000,-9.8274452398255855855855856,-7.867863661753799293724983065,3.0,0.00036700000
current,NEARUSDC,2025-03-14T09:00:00+00:00,2025-03-14T19:00:00+00:00,6aa835c791ea6b080fc1eea11d43f1ef9584b94036992b7d45ef5069c8aaf192,93cab28498f2c83cf547b61dc85e170a83d9bb66d35575c92e4b9a7eac2b8b0c,1,124.8347585585585585585585586,122.061893322600000000,-2.7728652359585585585585586,-2.221228500760738978175849098,10.0,0.05370000000
current,SOLUSDC,2025-03-14T19:00:00+00:00,2025-03-28T08:00:00+00:00,18a63ecfc92a3bf698565ecea42b74afa02c69ba8246a9d06ca0ad6a32e8f841,495ec890fbb9d1346ed8f062496455feb1a7389d2d69f5b0a25f63dbf180ec03,2,249.9608639189189189189189189,244.76596225677000000,-5.1949016621489189189189189,-2.078286008738558241965827559,325.0,0.00013500000
current,AAVEUSDC,2025-03-29T08:00:00+00:00,2025-03-29T12:00:00+00:00,a73f8d296187f79b4ec752c74b14aa4dc0528ddbdbbb99dbc35c6029b7d323d6,754c8e5bd828fe233ecb73f6ae185e0c5a60da3975f58a244230ca85050a3042,1,124.8284490990990990990990991,120.36698864887500000,-4.4614604502240990990990991,-3.574073444333370283744043001,4.0,0.00030400000
current,AAVEUSDC,2025-04-01T12:00:00+00:00,2025-04-02T06:00:00+00:00,950b212a201ebe2b2dd03727272c0e7cfac965ed1690ad475436f24e43b81cda,1cca7088791325e9248d16efdb3e1380b03aea708743d66666580efc9deefb8b,1,124.9517139039039039039039039,119.2545093168000000,-5.6972045871039039039039039,-4.559524962967238203585099331,18.0,0.00024500000
current,AAVEUSDC,2025-04-08T00:00:00+00:00,2025-04-08T02:00:00+00:00,5a4818bdcecad27c59b78a62bfb83b40ef5187754977edce7f966be1418750ab,d3c47f938c939e6599c728b2ca37194aa9e4c9af430ab4d382a018f73b455ede,1,124.8989047297297297297297297,127.11006222547500000,2.2111574957452702702702703,1.770357794994296441231532474,2.0,0.00005400000
current,SOLUSDC,2025-04-08T02:00:00+00:00,2025-04-30T14:00:00+00:00,ec52a82a4f90dc71cbde68fbcac10ca126d31e5dfe0c282544fe53ec096f48f2,7f426f58bf0fa2cd56ecb095ff93c091b7b14d8ab148171ba322d8722d210d28,1,124.8176729429429429429429429,157.74674353182000000,32.9290705888770570570570571,26.38173730728796711754052695,540.0,0.00087500000
current,SOLUSDC,2025-05-01T11:00:00+00:00,2025-05-19T06:00:00+00:00,c4114c3ba3921ee96bf5ad7bffab8410cb2f6b6c5e11d605f86bd71a16d46b87,e2891a6632b258b6b3aefb56e47d771bf6897db66bfd75d653ee48125ef74b7f,1,124.8599963963963963963963964,133.25488422750000000,8.3948878311036036036036036,6.723440712309591060823179567,427.0,0.00017900000
current,BTCUSDC,2025-04-08T02:00:00+00:00,2025-05-19T07:00:00+00:00,8df18c28c83cad408973d001f68d822185eb49fd14fd34ebaa24ef7d8555ee35,f7bcf9ede911dd2fac5cbd8b9bc70ad74ccc623a02c61091907e09c5b9d0623a,1,124.2672030507507507507507508,157.22274584632770000,32.9555427955769492492492492,26.51990387368572135237993208,989.0,0.00000845000
current,AAVEUSDC,2025-05-19T17:00:00+00:00,2025-05-21T18:00:00+00:00,10d06e00b8cdbf61930c2de7d154360abc3994b45f7a2d1df339cfbfa6fbb1a2,f9b28b32c8a14279fa24f6d92661a7a7c23c0142ccf86ec70f5546e7bf818340,1,124.6909028828828828828828829,131.61598544682000000,6.9250825639371171171171171,5.553799358114815172851979328,49.0,0.00046700000
current,BCHUSDC,2025-05-21T17:00:00+00:00,2025-05-22T04:00:00+00:00,81e8434e353a97b00f5557c29d8b392872ec192ed40240ad094323031a86d651,d98112b76b6aa57884d42158b82a668f9a4fd67265860f4e50740e076b01e688,1,124.7053645645645645645645646,127.7010247464000000,2.9956601818354354354354354,2.402190308568860101199400271,11.0,0.00069500000
current,NEARUSDC,2025-05-22T00:00:00+00:00,2025-05-22T04:00:00+00:00,eb3c3daae0f52e34d42aab304ece74754ffbd25ac3b3e16bf12da800f0f858a4,5d79bd4b0296ed21412c239c4fad7e01f274afcc25051f36a6f0208117199457,1,124.8146283783783783783783784,127.958837575500000000,3.1442091971216216216216216,2.519103119539706586497327235,4.0,0.05640000000
current,BTCUSDC,2025-05-22T04:00:00+00:00,2025-06-05T20:00:00+00:00,29dbe8e8f80c32bc72b4e5c5a74f6f0e94f17376a1e5f99e98e093e31f155cbe,6f8d977c6d347e89a580e77cc1e8a7b8d8355fbd69c82c47d2046690bfa788ed,2,248.5909000000000000000000000,225.9497195845200000,-22.6411804154800000000000000,-9.107807411888367595113095451,352.0,0.00000777000
current,BCHUSDC,2025-06-07T11:00:00+00:00,2025-06-08T12:00:00+00:00,a7f83983ed1358d1d3eaddac4287c8a5810dfa0017904c973f8563e5479e318e,d886e5c31ee9390cc18aa878729e406e3f5d5f9f4868b3136cbdc062631fce9c,1,124.6573926426426426426426426,126.5070178485000000,1.8496252058573573573573574,1.483766960504065536455002134,25.0,0.00069400000
current,XRPUSDC,2025-06-08T12:00:00+00:00,2025-06-12T21:00:00+00:00,8d3382a48d54734c1c6a8615407cfc01c431aec610cf42f345097f544df021a7,1c23701b4fd8833a5531fa0aa465e8f48694b43542b20e02a6487c8066f928d5,2,249.7961069069069069069069069,242.5854568348800000000,-7.2106500720269069069069069,-2.886614271660424803202500397,105.0,0.08860000000
current,BCHUSDC,2025-06-13T00:00:00+00:00,2025-06-13T01:00:00+00:00,3703ddb540746858605aef9192254c023f9988cb74ccff068600f0f30394bc76,91fb0e62240f897499e0f635ec88b317d724a14edad8437e0fd29d5b35f4b216,1,124.4478785285285285285285285,119.4232559013000000,-5.0246226272285285285285285,-4.037531765619194646958529673,1.0,0.00070600000
current,BCHUSDC,2025-06-13T21:00:00+00:00,2025-06-15T15:00:00+00:00,efd2bbb9e53f6fafabfaaa8e21c16320a23cbf27831be6e0ad09652659054520,5a31c5125a647ee18f5db366c4371064e4b6c7ae13c60fed46d23efc2c1a898d,1,124.3227909909909909909909910,129.5254848600000000,5.2026938690090090090090090,4.184827116201099813564367286,42.0,0.00071700000
current,SOLUSDC,2025-06-15T15:00:00+00:00,2025-06-17T17:00:00+00:00,3876aa737a53d549633c0a0d5e36359ff9ad9525d6f485867729ba24343cb0e8,2ab3355055c4ec96fb98607d953d7a5189c13922817fe217a4c024bde22e2e06,2,249.8929721321321321321321321,239.42170800063000000,-10.4712641315021321321321321,-4.190299567914779120047767628,50.0,0.00035600000
current,BCHUSDC,2025-06-18T00:00:00+00:00,2025-06-21T02:00:00+00:00,9f25be8e775bc3beddf198717ad153b5eaef309900f86217e8fdd48d1039bf18,f95064c1162ee445eb3843ed42ce744b96c8741cd0dc4ded4a68689cd9e1d262,1,124.6262459459459459459459460,125.8375232632500000,1.2112773173040540540540540,0.9719279499355380675421043904,74.0,0.00073000000
current,NEARUSDC,2025-06-23T20:00:00+00:00,2025-06-23T22:00:00+00:00,b2f8842faa8fbaf84df7a7e091c072422e044fb62c31f7ce8b605af3a0007348,9303f5edae7de0075fd8a58bd536fcc2668580a6a618d6f72952f130f834aefc,1,124.8039123123123123123123123,126.767227078800000000,1.9633147664876876876876877,1.573119568218856464007245028,2.0,0.03830000000
current,XRPUSDC,2025-06-23T22:00:00+00:00,2025-06-26T17:00:00+00:00,f40996a1634f57bcf3057bdd424c46f72a906176a9fef6affccf1567af1ef3d2,d11a74654d0947c3df9ce1a417ec46cbc696daed266bb08d49563d9366bf473b,2,249.8189110960960960960960961,250.3330119294750000000,0.5141008333789039039039039,0.2057893980576787984600650063,67.0,0.08050000000
current,AAVEUSDC,2025-06-27T10:00:00+00:00,2025-06-27T19:00:00+00:00,2a16d2adf99fba71bacf61950a159dfaa0293b69281ffc5108132027731a59a3,96472ba0d66c2d48bc533bdfb48f365566e88006aa8c35abdb64aae9aac83c27,1,124.7989548798798798798798799,120.1507633656000000,-4.6481915142798798798798799,-3.724543621982897334782978615,9.0,0.00052600000
current,BCHUSDC,2025-06-27T00:00:00+00:00,2025-06-28T02:00:00+00:00,dcf7eb3bdbd0e621d0cda5348b7f354c42f4263d3c3bf80870816777218d8e7f,6595eb1cc8d47f98de6f7b148dad6a7b9c462d3f2904a398355637974af406ed,1,124.4942480480480480480480480,127.4436113175000000,2.9493632694519519519519520,2.369075933784231709237330700,26.0,0.00074500000
current,XRPUSDC,2025-06-28T02:00:00+00:00,2025-07-23T13:00:00+00:00,dbd2cf25552c2a95ec5c296f13fcf912e7c3afa3e401087b07c24c0999a1f5ce,2ef0817422762aec9cfdd1de254e3845ba8cc603f7fd3f077a0581e9165142a6,2,249.6178396396396396396396397,382.8283368266250000000,133.2104971869853603603603603,53.36577601156009646775289309,611.0,0.08530000000
current,AAVEUSDC,2025-07-28T00:00:00+00:00,2025-07-28T15:00:00+00:00,c74e9a57b1008489dcc23377fdca95a3ad7fa1dce2a21f561d0a0b031e7aedf1,dbf6220ae78354a6f5f1b72812deb1456cb2d8911618ed938e67aa3bc234a7b1,1,124.6350190990990990990990991,118.81884357864000000,-5.8161755204590990990990991,-4.666566076292389507822968721,15.0,0.00059100000
current,BCHUSDC,2025-07-25T10:00:00+00:00,2025-07-29T16:00:00+00:00,5941476d47f42342a8fc7e76370e382733fb3fd153aa509b8f917678659e5480,b0695a0b2ec353717ab9529ca0574cd0b7a7cc26d0e6b9186e591f70471e8057,1,124.3324054054054054054054054,127.9893916908000000,3.6569862853945945945945946,2.941297784330975008363586806,102.0,0.00077100000
current,AAVEUSDC,2025-08-04T17:00:00+00:00,2025-08-05T04:00:00+00:00,64004fdda41f979ee3d7bfbd07ebbae5581eaef9727b1846e843d34466eabda9,e388a4574efadca270287ff86294eec16f41b2e6596ad74e40f607ef351937e4,1,124.8221796996996996996996997,121.2467175144000000,-3.5754621852996996996996997,-2.864444599430674447222239742,11.0,0.00053500000
current,AAVEUSDC,2025-08-07T09:00:00+00:00,2025-08-07T13:00:00+00:00,15963b4219627cab9c53d5a366f1ff85f18da8a0579c2dbe63d0cc47c693ce1b,d4bc790a02b8184369a932a2a12c2e81c63772c07acc02568c028bfb5ba84623,1,124.5928959459459459459459459,127.82718528457500000,3.2342893386290540540540541,2.595885836085097168841011243,4.0,0.00053400000
current,BCHUSDC,2025-08-04T15:00:00+00:00,2025-08-07T13:00:00+00:00,261f22078fc1fb7b831a12401c15028f6cef2025652f09ac04ff5494279b0f05,9e27c3f99926baab1ae5688ad0d581acc0608ba0145c1ce76fc0ddc537ee202d,1,124.2886397897897897897897898,124.6312348092000000,0.3425950194102102102102102,0.2756446767698507801528506516,70.0,0.00078200000
current,LINKUSDC,2025-08-07T13:00:00+00:00,2025-08-25T21:00:00+00:00,9482e2466911cc49fd167f456ef38c8ca8348d575c47bc2a989883b19b38488d,72772d933f22033c0b4f417bf1c5022d80f52efc5ed65dea8da68be5140299bb,2,249.8041189189189189189189189,327.27371608260000000,77.4695971636810810810810811,31.01213762965456047486460852,440.0,0.00584000000
current,AAVEUSDC,2025-08-26T13:00:00+00:00,2025-08-26T20:00:00+00:00,2dbf2aeaa2bdb2f98b8b3441e8fd44a9e82bb4b529b624839f36460cdf08d179,3160fe9da564616c808f078b7e199aa61420eaa86466cdd7dd9baee0fbcff648,1,124.4569120720720720720720721,124.02083148354000000,-0.4360805885320720720720721,-0.3503867975444714929250336440,7.0,0.00062700000
current,XRPUSDC,2025-08-26T20:00:00+00:00,2025-08-29T05:00:00+00:00,89b5ade36ef7d43c24a3cc2f360f5fce9eeda948a5bffcf5dd294cc5176edea6,014616eff889dd9281be64626e7bba8392c4673daa9989da444ffe967e932edd,2,249.7889461711711711711711712,237.4929445248000000000,-12.2960016463711711711711712,-4.922556356014718843891454931,57.0,0.01840000000
current,AAVEUSDC,2025-09-03T12:00:00+00:00,2025-09-04T16:00:00+00:00,7ada4d12bf6d9f07fe0766ed32565f734d4cf7f4bff6ae87e89dc32000dc22b9,b092d822ae7e8f1782ceb0b98e7bbea78d7ba39bed558ccf3370ba87c80b01c1,1,124.5918143243243243243243243,119.33026554973500000,-5.2615487745893243243243243,-4.223029260086873131591984117,28.0,0.00061200000
current,BCHUSDC,2025-09-02T03:00:00+00:00,2025-09-07T13:00:00+00:00,79d7c5b6baa080aa62d07e5084e19dedf8d0a621e286ba33574656207771d61d,848a61e70350b7174c1dc9bed473b95567be1cca0c6aeac2c257e1964ef94ffe,1,124.3764714714714714714714715,132.9882845940000000,8.6118131225285285285285285,6.923988935080732441573721529,130.0,0.00077900000
current,DOTUSDC,2025-09-07T13:00:00+00:00,2025-09-15T09:00:00+00:00,306d3514b1507dd10ece801e4d33744174afd8afeab6b885ecca8a3ef292212b,8ed0416070ea7bb584fc6526e8cd134d2ef7ca9d5f1513865d4279c92485002b,2,249.9551253153153153153153153,260.516548783890000000,10.5614234685746846846846847,4.225327828445837595574376207,188.0,0.00700000000
current,BCHUSDC,2025-09-15T12:00:00+00:00,2025-09-18T02:00:00+00:00,41cda421572e4b52c02a9467f7a5d40682762c01aa2fe2679219e28dc62507d6,a0d196b04d16fbebf1c0883e45d664d19172e10edbd1130fad8cec424a599bfe,1,124.3533367867867867867867868,129.3439574691000000,4.9906206823132132132132132,4.013258358213588038500527540,62.0,0.00079000000
current,NEARUSDC,2025-09-17T09:00:00+00:00,2025-09-18T02:00:00+00:00,0bd12bd70b1af6c6d3a52d1a20143e7d18551e464ea92123fddbb2635b022218,6795d28f51c81fa6e63b96b1ddc140ee4a845da3593dae140e0974dc2eda3f81,1,124.7920945945945945945945946,128.147554170000000000,3.3554595754054054054054054,2.688839855045391713677289195,17.0,0.05490000000
current,SOLUSDC,2025-09-18T02:00:00+00:00,2025-09-19T16:00:00+00:00,4e6d0088f071eacaa8ac964e48841e09d469fdb30d54e0fea72af94184be88d3,d1bc0226f3643533eee661e7c505d7e3917deeb682824647e13152dcea80de16,2,249.7514800000000000000000000,240.15127237596000000,-9.6002076240400000000000000,-3.843904197901049475262368816,38.0,0.00098600000
current,NEARUSDC,2025-09-20T00:00:00+00:00,2025-09-22T01:00:00+00:00,56bd86f4fc1e44633cd25c11dec67cf5acaea7e64ed0b6663f20ffe5c359a2d5,ac1a2e01051a90fd7cd514d54c320c076fab8ef866e0f7315a17a6e415b2cd5e,1,124.7548387387387387387387387,121.273477327800000000,-3.4813614109387387387387387,-2.790562230800038801867483909,49.0,0.06000000000
current,AAVEUSDC,2025-09-23T16:00:00+00:00,2025-09-24T04:00:00+00:00,240d54b10f7443de505aad0cc0f55e0da9be47255735283c086b8ed9f24218a0,3d791f0a57169beff565432ca96ce8680c32605c2ab91a0a7b952adc2b489183,1,124.6853745945945945945945946,121.32580873900500000,-3.3595658555895945945945946,-2.694434585060980927028945678,12.0,0.00055200000
current,NEARUSDC,2025-09-23T07:00:00+00:00,2025-09-24T16:00:00+00:00,5ec5afcbf2d35522dcdca5b9b77c61289324f896690dc73fc59ebe288b550bed,d097c6549237519a875f1059522ce2ff5acc30b06031823cc2cb72764459b73f,1,124.7402168168168168168168168,124.084056535200000000,-0.6561602816168168168168168,-0.5260214374810648519399074250,33.0,0.05950000000
current,XRPUSDC,2025-09-24T16:00:00+00:00,2025-09-25T05:00:00+00:00,a8f620c689e16dc8b48549da46454f5c7a30e3b8f6f0ffd8a706fa3c325a55f3,139b236a651d0c04730e83f5ad0547b5433b8bedca467842d2331bd86e6b293e,2,249.7967478678678678678678679,240.9619749019200000000,-8.8347729659478678678678679,-3.536784622440760036804091422,13.0,0.01510000000
current,BTCUSDC,2025-09-28T23:00:00+00:00,2025-10-07T16:00:00+00:00,28d938c2e14d25755a5394300b29fc87d0b566db7ad838a04762dd4ef6069860,0bb2c8499627d43be37fc53b478da0a2b88f17602a990b3ad39a46cb7da552a0,1,123.3790030165165165165165165,133.92958199885550000,10.5505789823389834834834835,8.551356976783640564859100094,209.0,0.00000889000
current,ETHUSDC,2025-09-28T23:00:00+00:00,2025-10-07T16:00:00+00:00,6d0a63e6a336bd55c167e496dfce789e2724856a9c346e344212e232ed5afd35,b6c6322e08f88b96f43c70157394bbf78b08ae02820ba95fbd588111251b9519,1,124.6220456486486486486486486,135.70823490351750000,11.0861892548688513513513514,8.895849203217653593197305687,209.0,0.00006980000
current,NEARUSDC,2025-10-10T06:00:00+00:00,2025-10-10T21:00:00+00:00,9237f62895351dce351226f18a7777f84a5e4371ec584f1ca3e8597bee6ddd7d,121328860f255d77a73dcbd8d47b38def363e283274c7528800b3cf00d527d33,1,124.6997561561561561561561562,112.506642937800000000,-12.1931132183561561561561562,-9.777976793384618527854826674,15.0,0.05950000000
current,BNBUSDC,2025-10-12T16:00:00+00:00,2025-10-14T13:00:00+00:00,9216d788bb034076f2702ef5cd42fa695a8f611c8ac796ba0e5344dae7dabc08,f1fcb1ced00c70bad867b7666e7e181069341283b95a26ecfcf9802abfa97016,2,247.8960582582582582582582582,218.30705696745000000,-29.5890012908082582582582582,-11.93605154462860374903278808,45.0,0.00080900000
current,AAVEUSDC,2025-10-15T00:00:00+00:00,2025-10-15T15:00:00+00:00,7cefbddaa75041c07c08e0a16330b7400a6f867dad5bf7a13193345bdc56fea8,1607ec81acb8cae34749517a2cd641ff6d61f5944feba3b5b9e7e9e399239a83,1,124.8370019219219219219219219,119.95082362548000000,-4.8861782964419219219219219,-3.914046493601259504139798697,15.0,0.00051100000
current,NEARUSDC,2025-10-15T00:00:00+00:00,2025-10-16T21:00:00+00:00,132f5beec53dc99001114d76fa2b9b6f7a04b02b933f8845bce37e6f7d4c1704,b583b499987ac57bba891b7f328eecd86aaa42b2d53bed7febf27b4a755bf544,1,124.8149288288288288288288288,111.254123910600000000,-13.5608049182288288288288288,-10.86472992091043394259021523,45.0,0.04930000000
current,AAVEUSDC,2025-10-19T23:00:00+00:00,2025-10-20T07:00:00+00:00,3146122a95f11961881cbd31be5ab15da39b2ad86fa2830173793b66f41f2d38,12a57e2cad08287e19ab0de0955e4c4d4ee8a3915732defcdbdd12c2a477dabd,1,124.8870970270270270270270270,129.61309329387000000,4.7259962668429729729729730,3.784215006471174648581347094,8.0,0.00044500000
current,LINKUSDC,2025-10-20T07:00:00+00:00,2025-10-30T14:00:00+00:00,047c7418d27e12d092ad494bcd5e8d85170af3ca48e2cf15a37d91e34d1b37eb,a3c8fa47899669a08f97fe387076cb2eff77acd0b1c04af2c97f7171649f9b63,2,249.7776792792792792792792793,228.98931486660000000,-20.7883644126792792792792793,-8.322747041554330131071803162,247.0,0.00660000000
current,AAVEUSDC,2025-11-01T12:00:00+00:00,2025-11-03T04:00:00+00:00,6a35568d516e6aab2eac74004260ab30edf8c837386391cf483b9553b72e6356,1d516640a9e7d39cded7157e9113ae06b4dd4898c2a97537f8e26ef140cdcc34,1,124.7502819069069069069069069,119.61123360543000000,-5.1390483014769069069069069,-4.119468287303628984619787770,40.0,0.00044600000
current,AAVEUSDC,2025-11-05T19:00:00+00:00,2025-11-05T21:00:00+00:00,b0fc2381ef199a6ebcc6863537e0a332fce58b7d28919e0b7919cd332bfd15cf,a8d9dd22f8fbddbb75c56717a384ee9d8aca4409308ebc9cdff62baa04768042,1,124.7551391891891891891891892,124.18031198340000000,-0.5748272057891891891891892,-0.4607643496894126757687705374,2.0,0.00038900000
current,XRPUSDC,2025-11-05T21:00:00+00:00,2025-11-06T16:00:00+00:00,29c16dcb84598ce3aa50d15f88fe91242c622624c26f0beee6ae85f2d75a9b7a,617e0bcfeb699b23e8a743f48e3d3a542f620f8d7bb9d712d401f1698faa7185,2,249.6325016216216216216216216,235.5250198593600000000,-14.1074817622616216216216216,-5.651300079364232474510075915,19.0,0.09420000000
current,NEARUSDC,2025-11-06T19:00:00+00:00,2025-11-07T18:00:00+00:00,03694522a285f240772debbdb299951d3ac75cfabb33d0324d256d709e4b6d4c,5fe8c9220b090b3cfcfb9ae43a97c5f1114ec5472b34feda07f844fb8e9f4445,1,124.8494806306306306306306306,171.602096229900000000,46.7526155992693693693693694,37.44718469241197671804058892,23.0,0.03900000000
current,ADAUSDC,2025-11-07T18:00:00+00:00,2025-11-13T19:00:00+00:00,ddde7a9e03f3d30866dfc72276936d3ba1ff11ed82085c2452a1456aea80ed80,c86b3318a85d58af531fdff44c286792f9df390e9202e20234bf8505e5cca607,1,124.9050038738738738738738739,112.5773267881950000000,-12.3276770856788738738738739,-9.869642290814122513285038579,145.0,0.08400000000
current,DOGEUSDC,2025-11-07T18:00:00+00:00,2025-11-13T19:00:00+00:00,3082eabdb0d7553ad90428a37c79a586d6fd0a397256377421503d0c734974a6,24510b296af95ba3d18bba45049e5d4714de8d9368659c8fbdc9a770d1418968,1,124.7947986486486486486486487,112.73062656996000000000,-12.0641720786886486486486487,-9.667207455219758541781740746,145.0,0.30500000000
current,BCHUSDC,2025-11-18T17:00:00+00:00,2025-11-19T16:00:00+00:00,4fc47164c193040153d1de8277404a14656bbbf59a21f15b2273e3f3006b69e0,a44d0143b9fcf06128a1767002768ccbc1ec66d83065b3591a12b53205844171,1,124.4456752252252252252252252,114.4176730447500000,-10.0280021804752252252252252,-8.058136341280056138247870134,23.0,0.00076200000
current,AAVEUSDC,2025-11-20T09:00:00+00:00,2025-11-20T17:00:00+00:00,3ec4da5704b743d6293f5855b7f2519779f77ce45796ff316114bb97b086e9d9,9c5a3ffd15a747f476013b06ed7ecfaafb77fc1d890783ad851e062fc0b0353e,1,124.8919242642642642642642643,113.61733495398000000,-11.2745893102842642642642643,-9.027476657680339277355613051,8.0,0.00030100000
current,BCHUSDC,2025-11-21T19:00:00+00:00,2025-11-23T05:00:00+00:00,ea605ed73f36a2a19b41d110da9d72237f201de232e3a8da1b548a3c25f77077,da5281c24b050a10a91037ebc98a9e0a779d261a81a3422273fe25c57381c7ba,1,124.1385147147147147147147147,130.9673195820000000,6.8288048672852852852852853,5.500955833875330979570737877,34.0,0.00075700000
current,XRPUSDC,2025-11-23T05:00:00+00:00,2025-12-01T01:00:00+00:00,369a63e0fe8c65301b616331f22a1216fe15188038fee16510a1c949a09a7b87,0cededb05e97c6f2e2e14c0e2ef795957c247af12f01b545648a4f5f2c0fc21d,2,249.7297674474474474474474474,248.233614703200000000,-1.4961527442474474474474474,-0.5991086923837761382848929963,188.0,0.07900000000
current,NEARUSDC,2025-12-02T13:00:00+00:00,2025-12-02T15:00:00+00:00,bee9a14115796365a44ff95a3d05d1c2ab595693db150936a040826064d83f0c,29db88069f8e5b67f815f19fa7a3fd4bf0a44be8772fff29f98ac48e3aac0d36,1,124.8195357357357357357357357,124.872672230100000000,0.0531364943642642642642643,0.04257065534738351647974642547,2.0,0.02860000000
current,BTCUSDC,2025-12-02T15:00:00+00:00,2025-12-05T17:00:00+00:00,65785c805dbb9f931e7376009c03cd624428ecab6df60e631464311664353378,47bc0ac76214d872ebf5e5e09724426bfbeda5dff59a4dfcede68e9ae67c77b8,1,123.4093477108108108108108108,122.41846284365250000,-0.9908848671583108108108108,-0.8029252933742782244622219253,74.0,0.00000861000
current,SOLUSDC,2025-12-02T15:00:00+00:00,2025-12-05T17:00:00+00:00,dc63648afbb1e56635d768c9413e164bca30817342dc08ff87e590026d10ef29,798e52225af1ccd72b6de3150a0618f5bb608ac7cb52a50fdab0f15356ca3783,1,124.9507124024024024024024024,123.84575440587000000,-1.1049579965324024024024024,-0.8843150833537445246251394996,74.0,0.00006100000
current,BCHUSDC,2025-12-06T00:00:00+00:00,2025-12-08T11:00:00+00:00,447a7725e51c83284a835843eb9db9616bcc3e2694c38685e18b97a1b02da8b4,cf814411f18686c54067d49b57126e05ca12031b84f6cc1098e9f524bf72f7aa,1,124.4399666666666666666666667,132.6677659335000000,8.2277992668333333333333333,6.611862319822757908164016945,59.0,0.00077700000
current,SOLUSDC,2025-12-08T11:00:00+00:00,2025-12-11T03:00:00+00:00,4709395120e235ce0f12f2fa5f326673b83b6531538938ac1cb9e1999166ee08,dc561446cb560cec5ec90e356cc183e092b3360f3a643c403d5c339873b8a92b,2,249.9191113213213213213213213,234.91551518415000000,-15.0035961371713213213213213,-6.003380877055528003704754719,64.0,0.00020000000
current,AAVEUSDC,2025-12-13T12:00:00+00:00,2025-12-14T06:00:00+00:00,be87afe6dd6ef1f61799ae650a33c25fceda75f78ce4e1cc7c364e72b58166c8,47d546d3390e050c520c7f50f29e9073aece20e2a751f8125c7307feb3d08ab7,1,124.8174726426426426426426426,121.31189962704000000,-3.5055730156026426426426426,-2.808559524065382046030578530,18.0,0.00037300000
current,BCHUSDC,2025-12-11T12:00:00+00:00,2025-12-15T16:00:00+00:00,0436dbcfc43daa6b3c73c5d308abce718b21cdd05df44bb21682f6390b28f7d5,03bbbf40c0e7fb532c426c2219cac56c3db3cb019313b7c41c5e46e8eccdf1ab,1,124.5066666666666666666666667,120.1879075842000000,-4.3187590824666666666666667,-3.468697057025058899121867663,100.0,0.00077700000
current,NEARUSDC,2025-12-18T17:00:00+00:00,2025-12-18T20:00:00+00:00,8c2329d8d5b7521cb73003a47720f195966451ea5140956fc356b143db8b7713,f7806200af5640235423c3fb63cc0cc3bc5d5f1482bff0574ef64c4c005b19bd,1,124.8407675675675675675675676,111.644737306200000000,-13.1960302613675675675675676,-10.57028927207250646033767038,3.0,0.02160000000
current,NEARUSDC,2025-12-22T10:00:00+00:00,2025-12-24T08:00:00+00:00,0a70f73ac39f794c1810d527bba3b54cc5799b6c95a2becb3db2cb5f44a437be,7a46789e629303427c995f1a1b3f20b0a6b61674e9199fd1ce311e4840679155,1,124.9227905405405405405405405,114.467098819500000000,-10.4556917210405405405405405,-8.369723151235089912022955987,46.0,0.02040000000
current,BCHUSDC,2025-12-18T14:00:00+00:00,2025-12-27T18:00:00+00:00,8e2cc9d0ace45df0d4e1c58817ff17b19b21f9d0109252d241061c0ae7114c4f,78960d42f0204e5d4f2199cd7363cf1dcac3c81ba00e93f58d517f9a14e67fce,1,124.4684093093093093093093093,135.2620699326000000,10.7936606232906906906906907,8.671807314953293393646975854,220.0,0.00078100000
current,NEARUSDC,2025-12-26T07:00:00+00:00,2025-12-27T18:00:00+00:00,bf749575d453a0607572ed16346bb42e90fe60b6ab21954a541434321f5504e3,df924f0e3b7acbdfbedd3a7dc2b5a84d3e32ff1bcf16145e8acbc81c80dde5ed,1,124.8615987987987987987987988,125.294239141200000000,0.4326403424012012012012012,0.3464959175305412750526875244,35.0,0.01910000000
current,DOTUSDC,2025-12-27T18:00:00+00:00,2026-01-19T01:00:00+00:00,dafc5f098487d7925735b8cb50a409dc8e1627478ff161497275781910f87ffd,890b9bd79cb8b112b367702abfde95264a4a8e013e5fd29708a9085207290040,2,249.9861918918918918918918919,268.019001960750000000,18.0328100688581081081081081,7.213522447934448617275520652,535.0,0.00256000000
current,BCHUSDC,2026-01-21T06:00:00+00:00,2026-01-21T20:00:00+00:00,a52e912501ab0a4f95b9cf3311d59ff7ced58671ac7dd2246ee554a0ed971a30,f13deb270f937bc315a9755f9882fa0434f4d511f25a2cadf9892ecdeb1451ad,1,124.0708132132132132132132132,122.2452180144000000,-1.8255951988132132132132132,-1.471413905924807911692239833,14.0,0.00079100000
current,XRPUSDC,2026-01-21T20:00:00+00:00,2026-01-23T15:00:00+00:00,9ffcb7a0902a57eb311eae5b1b11f5c2a9432f1bca29e964db1b1399b4d6eff0,3900a0b51cbb5d6d5879eeefe787bbe6d6a9b2b03ba4f328a00b1227a74142ec,2,249.8325615615615615615615616,239.358043608750000000,-10.4745179528115615615615616,-4.192615200893468073265598453,43.0,0.07330000000
current,BCHUSDC,2026-01-24T00:00:00+00:00,2026-01-25T19:00:00+00:00,fdc7cf2a2748a03bfc5726efc61e11c9382b5ea43ab30a71f7f2726ac51c63a0,18ed63ff5c87c2a2aefcb1e7bd1824a27c0b07143ea18cc8d3d15cf8e71825b6,1,123.9874882882882882882882883,119.2752781272000000,-4.7122101610882882882882883,-3.800552963966605406973932398,43.0,0.00079100000
current,XRPUSDC,2026-01-26T14:00:00+00:00,2026-01-29T15:00:00+00:00,cf522697ae55916aeb02320e6e4a1f571baad272490992161197c90539aa378b,e8c6d97e98a4cde2091a3b710e4d99c6b7011e0c18dbbd6086bbf2f74ae753c0,2,249.7389211711711711711711712,238.4819992100700000000,-11.2569219611011711711711712,-4.507476010671829439610903221,73.0,0.06890000000
current,BCHUSDC,2026-02-01T09:00:00+00:00,2026-02-05T13:00:00+00:00,275e381dcc031a32c665e0a941597be89f450b701fd9a08d6be98e22c307cae0,87a7456653b158a5d66e6d7840489ec8819b45a91bec540380c86f234fd96fcc,1,124.0656054054054054054054054,117.4086812925000000,-6.6569241129054054054054054,-5.365648352863613527576974637,100.0,0.00076500000
current,XRPUSDC,2026-02-06T06:00:00+00:00,2026-02-15T18:00:00+00:00,3dbff684365aba184034789c555cd7106b3fa4e1932e71ddbcfb2a9814e6dbe1,4234ac2f22d34c6d0dd3c57e98512c60d1e4d7984fc5944dc2bf807249d822d4,2,249.8669130630630630630630631,280.0212176108700000000,30.1543045478069369369369369,12.06814626960889145190295329,228.0,0.01200000000
current,NEARUSDC,2026-02-16T00:00:00+00:00,2026-02-18T01:00:00+00:00,0bb913d5bb4c1e2fe8aedad22c7e4e637410338079efb4467ec77cd88fbe876d,b40d41290b2815ca60b1c73f2a1a28b13a97530adb7a954de29d8f30745b3e5e,1,124.9008576576576576576576577,122.63982541200000000,-2.2610322456576576576576577,-1.810261585116532642769524362,49.0,0.08170000000
current,NEARUSDC,2026-02-18T12:00:00+00:00,2026-02-19T01:00:00+00:00,fde00e64e7cf9edea0021a7d0e5271fd1f4b3ccd8d1ebc6a45cee6d6aa3d6bcf,59e12114934aab080c7faa1896e3b8d7d5205f2eb26c8f4b7252a4280314aa3c,1,124.8832312312312312312312312,120.199090789800000000,-4.6841404414312312312312312,-3.750816178641448506515972759,13.0,0.07990000000
current,NEARUSDC,2026-02-21T05:00:00+00:00,2026-02-22T15:00:00+00:00,e72921e6915b11b55fea29aefd40fe3f178395bb93f6f89b03bb7c9cfe76c5f6,6a54b633b0b63f03385bc6f9cbac3ad372cad5dc557d721d134c5b8598c21a04,1,124.8227405405405405405405405,117.69025843350000000,-7.1324821070405405405405405,-5.714088695820629011337028085,34.0,0.08310000000
current,BCHUSDC,2026-02-16T00:00:00+00:00,2026-02-23T02:00:00+00:00,dfa242ea1f161ee46b0bb1b5881d1cffe3b85f1a1b60f113a61b237a176a2876,ad09b35a93bac26128cfb2e15e4d53ba16df3a91a2c35b0c4ec94cb9da7d5109,1,124.0804276276276276276276276,121.0022845920000000,-3.0781430356276276276276276,-2.480764367499851592916252031,170.0,0.00077500000
current,SOLUSDC,2026-02-25T02:00:00+00:00,2026-02-27T15:00:00+00:00,274a0b8d315c0e943a5a21e6b1be266194383290135040b73dcbabbcc69596bc,f50598fd707a2158097f263e4ec64034ccfb4c321177f4e2b863cca857ebf68d,1,124.9397359459459459459459459,125.11209267999000000,0.1723567340440540540540541,0.1379518955591699395364498076,61.0,0.00047700000
current,BTCUSDC,2026-02-25T02:00:00+00:00,2026-02-28T07:00:00+00:00,198d637f0eecbff30954283817f2161ea5a8c944fad5a4e2fc7a3cd9ad9f09ab,9400db56405a01c5415f4e35ea81c1fe1877f38830ac53c21d85efc535cf2e16,1,124.0798315339339339339339339,118.65673862006580000,-5.4230929138681339339339339,-4.370648192236625550136792042,77.0,0.00000811000
current,SOLUSDC,2026-02-28T21:00:00+00:00,2026-03-06T15:00:00+00:00,f2651e7d83a8dc9cf6792afc02fb2425a2749db4a7d43a505fb4be61985df98f,d73d198f7b971f67294142b6590569756ce443a8262c3736fc5881675e24b7e7,2,249.9807837837837837837837838,247.58778457980000000,-2.3929992039837837837837838,-0.9572732622734569111204115321,138.0,0.00005700000
current,BCHUSDC,2026-03-07T00:00:00+00:00,2026-03-10T10:00:00+00:00,7b2f645317f20cef50777a1e458e377e4a10a5efd6cdc6ef4ef4007113b4740e,9fd80d5cdcf4b710e9b18863f4739ff847e548ae8d12b2a9d513e7f881be7178,1,124.3312036036036036036036036,124.1791137828000000,-0.1520898208036036036036036,-0.1223263480087435161921040340,82.0,0.00072300000
current,XRPUSDC,2026-03-10T10:00:00+00:00,2026-03-18T13:00:00+00:00,0d6c7932e3cd54ca93bc897532266ab68e5cfc49bed8ea2d113970332866b0c5,8e45a1ac8650db0914d33ed95cb3c54617d09ca96fe0f5a2a6674dbb7015ce8d,2,249.8385305105105105105105105,257.6931488300700000000,7.8546183195594894894894895,3.143877889254976975419621737,195.0,0.02360000000
current,BTCUSDC,2026-03-23T13:00:00+00:00,2026-04-27T17:00:00+00:00,2422f96e1098bc900ad12d7fddb0bf10d12d3c5cd23e7e4e69f5e18727a69d13,358df44aa280969789ac157da00e9f225c0602e788916f9b39d2d0602516d844,2,249.3531227627627627627627628,269.34739823914560000,19.9942754763828372372372372,8.018458022442977591545370546,844.0,0.00000647000
current,BCHUSDC,2026-04-28T00:00:00+00:00,2026-04-30T06:00:00+00:00,cec343dac65eb961a8cd0cc6aaf94e592ca836a46dc6c0e70b13511360d0535f,b75891dc3bf77ff44ba43b408e4a6831d6ab8a10fa18849780bdfb242131e43c,1,124.3864864864864864864864865,121.9468660650000000,-2.4396204214864864864864865,-1.961322721139430284857571225,54.0,0.00072300000
current,BTCUSDC,2026-05-01T14:00:00+00:00,2026-05-13T16:00:00+00:00,2dbe3057aeb052b967d64b9f106520a3d51dfd8d56711408a8d707710b5e7dce,a40e1a3dc1dab565f9963392de56d5d106cf8dd828baecb61282ffebfa084f3d,2,249.1963685489489489489489489,248.67149751187020000,-0.5248710370787489489489489,-0.2106254758586700641656452139,290.0,0.00000683000
current,NEARUSDC,2026-05-14T00:00:00+00:00,2026-05-14T15:00:00+00:00,39a4d80a852e624dd14bc106c33fe6aa35ea9321f3ef19dc79abacfdf7c204fd,6c18863b89c6a0ba95f1e30d0a33e18fe99f3678b32a6a987d66992ff9069b70,1,124.9272972972972972972972973,126.609064599600000000,1.6817673023027027027027027,1.346196819019061897622617261,15.0,0.02070000000
current,XRPUSDC,2026-05-14T15:00:00+00:00,2026-05-15T14:00:00+00:00,0edfd1c807cae1ebb53c2ece4a6daffe57b7edea84276eff54627b2d49fbfffb,f73d1499d1e24bf7f4e434f9747077090dc3da454bc796256831a0ca999d4a7b,2,249.8392115315315315315315315,242.4522169281600000000,-7.3869946033715315315315315,-2.956699454056369734773649263,23.0,0.03020000000
current,NEARUSDC,2026-05-18T20:00:00+00:00,2026-05-20T21:00:00+00:00,9fa9e72215a6712e0d17bba33adbfa788c478275f595251c8a6f3185cd459133,0ae5663126d9a5f4a567c12d591e4d4454aae68485ecf3b5acb01c886c1571b0,1,124.9272972972972972972972973,134.042701122000000000,9.1154038247027027027027027,7.296566900835296637395587918,49.0,0.02070000000
current,NEARUSDC,2026-05-21T00:00:00+00:00,2026-05-23T01:00:00+00:00,ada1e5c2e2144d8f3438b03e5d4469dbd8834e4a0fb08d6a88f987987649cdbd,7c328cb76891ac89c4f3276f242c3356a8d887fb4efd550a49d9a0955b62eeca,1,124.9439222222222222222222222,154.211512571550000000,29.2675903493277777777777778,23.42458106707515807313734439,49.0,0.02660000000
current,NEARUSDC,2026-05-23T16:00:00+00:00,2026-05-23T21:00:00+00:00,0b6e569147a78634dbdd541f286a7aa59ccc52323787e8f550887a80a44e7f0e,4b0cc491584563d4389c7d937788142ce8bbe32c6e058761906d7a3104a22921,1,124.8287495495495495495495495,132.336463467600000000,7.5077139180504504504504505,6.014410899045605629426208107,5.0,0.04470000000
current,BTCUSDC,2026-05-23T21:00:00+00:00,2026-05-28T04:00:00+00:00,089d26257f363ff3704a6e2c387687db28f7603320b3a9bdb5fe6f8302cad921,797f2b201e29449e4bc50332915f5ccb591a0b146e7ee0d9c671bdca00a1500e,1,123.7096958078078078078078078,116.89009208481600000,-6.8196037229918078078078078,-5.512586283929246930958048455,103.0,0.00000839000
current,DOTUSDC,2026-05-23T21:00:00+00:00,2026-05-28T04:00:00+00:00,6e55b3b876d7f4aa680ea8c92774ac6f366ff5ae3e190f98a141f9cb7d36bc7b,e590cf8639c52ab7bbeaac490b061e5a6a26daa1f3d33560b2ff1c2776bbd80a,1,124.9891400150150150150150150,112.482319465620000000,-12.5068205493950150150150150,-10.00632578789850357839947949,103.0,0.00571000000
current,XRPUSDC,2026-05-28T19:00:00+00:00,2026-06-01T08:00:00+00:00,361a35a83bfe99f01a5c4e91925b828caa686ecb1670ddac0784b882674712da,8072c60d38cd8dd7442020bec4190dfbf1a70edd527c9ba142bed32b4042d756,2,249.8935329729729729729729730,243.4063041259200000000,-6.4872288470529729729729730,-2.595997091191068881494431728,85.0,0.01260000000
current,NEARUSDC,2026-06-01T18:00:00+00:00,2026-06-03T19:00:00+00:00,5b7b4436b968c52a11b74d18b959e2bea7d9d0cf90af25b5088679c5e5c723f4,fd695a6bd64b3812c098d7485419888fdd8f1e9b9cd4fbd642c24ce76531c842,1,124.7614486486486486486486486,141.188769500400000000,16.4273208517513513513513514,13.16698469734327149221597736,49.0,0.05070000000
current,NEARUSDC,2026-06-03T22:00:00+00:00,2026-06-04T06:00:00+00:00,9abe368a11698da3a0f1646fa3f710610fe3c63229d5b52cb7065f6654f43c05,9e5565a6fd1c769dd1c2e81ff299d0ad228fc4fabcc9e14d46cead1af75fe880,1,124.7350090090090090090090090,108.335307249000000000,-16.3997017600090090090090090,-13.14763344332988145102706378,8.0,0.05710000000
current,AAVEUSDC,2026-06-11T18:00:00+00:00,2026-06-12T15:00:00+00:00,7d392ee7cb92a9003b6f62347475b6ceb4ba62dd75e45e9414f55a8af902d3f6,576d266ee0cf325e91df0b57d3fe3b14c61bd99b39bcee9f6f981ba01b8f2379,1,124.9936968468468468468468468,125.63998990933500000,0.6462930624881531531531532,0.5170605228838440130784685314,21.0,0.00006900000
current,DOGEUSDC,2026-06-12T15:00:00+00:00,2026-06-18T16:00:00+00:00,9fe9be502b0ce28784536496061c639ddebe4d416e6b4f1eb0bf4447fae5ae90,98c2e07c6590fe640f956a0b9374599b5a73df9f272c4e7f5434721727882235,2,249.9581097897897897897897898,225.43297560576000000000,-24.5251341840297897897897898,-9.811697729933619762556884106,145.0,0.24100000000
current,AAVEUSDC,2026-06-22T12:00:00+00:00,2026-06-23T05:00:00+00:00,7eb0197cc314de6c2ab1c4e0907b7b195f13d6a48d5987412b21bc32fe5f92fb,5b07427bde98bdf733ba5ce6676e29541d582542a2f6b49904de987f9aa855d2,1,124.9572622222222222222222222,121.36422105324000000,-3.5930411689822222222222222,-2.875416046321828647263007310,17.0,0.00037000000
current,SOLUSDC,2026-06-26T16:00:00+00:00,2026-07-08T07:00:00+00:00,7eb0e2c70d7b3689d7b17428a4903c5f8e183605286d147b18c30662e339d3fa,daa9410a141aa1371c2479730f71c7b8b022bf0752d09c52baa1b5727aa81573,2,249.9293666966966966966966967,270.57438441036000000,20.6450177136633033033033033,8.260340906123765013853173440,279.0,0.00052900000
current,AAVEUSDC,2026-07-09T14:00:00+00:00,2026-07-10T10:00:00+00:00,41776a68fc4cb24c319d9a1bceb47fd1509d22ed332f2f58c81fbeebce2b1d79,014c67697983ae42f2068fa0b9a7885e1db5b1fffcb7dd890f6afeaf66f35845,1,124.8608076126126126126126126,132.88376156166000000,8.0229539490473873873873874,6.425518225013436214001887227,20.0,0.00063500000
current,BCHUSDC,2026-07-08T12:00:00+00:00,2026-07-10T10:00:00+00:00,2790c3677158a7c531138970c702c58260fa9328a12840ac6954c1aad62c1093,0026a258a2ae131d5347e32f4f41306f6cb3f11d09aff10d195afc4e54179516,1,124.8128256756756756756756757,130.0589836771500000,5.2461580014743243243243243,4.203220280507381588285533395,46.0,0.00046800000
current,DOTUSDC,2026-07-10T10:00:00+00:00,2026-07-27T15:00:00+00:00,7a3799a7e64a821d212993e19b47cb9eb67359eed41063f2748980416041b834,c1913dbe1ce52ae8004fa199bfbd11613c8dc4ef83bf10580d8a3fc72e7ebdd8,2,249.9898774174174174174174174,223.583642844705000000,-26.4062345727124174174174174,-10.56292152526677837551812329,413.0,0.00734000000
current,AAVEUSDC,2026-07-29T00:00:00+00:00,2026-07-29T01:00:00+00:00,bf7fe4c133cba3815edd5053f16ef50a6432727fb3842219f9e857f7e90b2df4,ee070d4dfe10692bf4d8deaa2b962e7a7006820821a80a80de73dae2f12eb713,1,124.8520444744744744744744745,124.86082002916500000,0.0087755546905255255255255,0.007028763307371914360343126099,1.0,0.00076100000
current,BCHUSDC,2026-07-28T00:00:00+00:00,2026-07-29T01:00:00+00:00,d9b1c4e0916bd3aaa5015ffac3a09698093e313ba489a89de6e0cdb5eda75d39,aa893a715f48d1e57c65a4649eb1834fc43ecb58d25cdb4180bb2b22f1b7bde2,1,124.7842828828828828828828829,126.4065686982000000,1.6222858153171171171171171,1.300072234930198893002767125,25.0,0.00041100000
current,XRPUSDC,2026-07-29T01:00:00+00:00,2026-08-01T19:00:00+00:00,5684c199a2b779970300f4b9cc7614039c62ffb86dd254dab735bb20254fa842,af8c4d328e8e8495af74f13cbc9eaf3b64aefd77a1206ed8f4d584ad97c374d7,2,249.8700978378378378378378378,243.2064043258200000000,-6.6636935120178378378378378,-2.666863129954221553663902592,90.0,0.06830000000
current,NEARUSDC,2026-08-02T00:00:00+00:00,2026-08-02T02:00:00+00:00,becdef4d2bb4d59bc03fc4074b228979dce71a250bc419bad7034edbd56bf4e2,cf2215c8d64aed37107453c8f2839262bbfd4948e05e3148e0144049c85cb05a,1,124.8071171171171171171171171,126.513208551600000000,1.7060914344828828828828829,1.366982487771039853207724510,2.0,0.02550000000
current,DOTUSDC,2026-08-02T02:00:00+00:00,2026-08-11T15:00:00+00:00,6eb1b2cf70e485e1959def34f941b974d422b480ace31799880f50ea77caeba3,46a65a153088e6af9435353c77d49416ffeeeb1aca899a5f3bdcbfece9df7e40,2,249.9894367567567567567567568,245.46397401630000000,-4.5254627404567567567567568,-1.810261585116532642769524346,229.0,0.00451000000
current,DOGEUSDC,2026-08-11T22:00:00+00:00,2026-08-12T22:00:00+00:00,daaddd90ce147adb7c6bbf1f29a53d99b9b158ea86014ab9b3775e3084f02b70,df3c3510e21a445f6ccb9bedb272c7f5ac4618d59b966438f56e31a04617f5b9,2,249.8995219519519519519519519,238.4497077039000000000,-11.4498142480519519519519519,-4.581767167307107390925445971,24.0,0.55000000000
current,NEARUSDC,2026-08-13T00:00:00+00:00,2026-08-15T01:00:00+00:00,6bc419ce000addd5bf65c45f3e18446d9f8b96ec3323f386629a03a5c7acb418,58c58111a584af615489834a641b5d5fc2b4879cb837ef679d8add9bd1382154,1,124.8149288288288288288288288,124.744065365700000000,-0.0708634631288288288288288,-0.05677482957668546968902878772,49.0,0.02400000000
